<?xml version="1.0" encoding="UTF-8"?>
<categories>
    <category>Alkoholické nápoje</category>
    <category>Bezlepková múka</category>
    <category>Cestoviny a ryža v surovom stave</category>
    <category>Cukor a med</category>
    <category>Čerstvá zelenina</category>
    <category>Huby</category>
    <category>Materská škôlka</category>
    <category>Mäso a mäsové výrobky</category>
    <category>Mlieko a mliečne výrobky</category>
    <category>Mrazená a konzervovaná zelenina</category>
    <category>Múčniky</category>
    <category>Nealkoholické a energetické nápoje</category>
    <category>Obilniny, múka</category>
    <category>Orechy a semienka</category>
    <category>Ovocie</category>
    <category>Pečivo</category>
    <category>Polotovary a fast food</category>
    <category>Prílohy v reštaurácii</category>
    <category>Recepty zo stránky diabetikinfo</category>
    <category>Sladkosti / Keksy</category>
    <category>Slanné a krekry</category>
    <category>Slovenské špeciality v reštaurácii</category>
    <category>Strukoviny</category>
    <category>Školská jedáleň I.stupeň</category>
    <category>Školská jedáleň II.stupeň</category>
    <category>Teplé nápoje</category>
    <category>Zmrzlina</category>
</categories>